<?xml version="1.0" encoding="UTF-8"?>
<project-private xmlns="http://www.netbeans.org/ns/project-private/1">
    <editor-bookmarks xmlns="http://www.netbeans.org/ns/editor-bookmarks/2" lastBookmarkId="0"/>
    <open-files xmlns="http://www.netbeans.org/ns/projectui-open-files/2">
        <group>
            <file>file:/C:/Users/silen/Desktop/SCHOOL/OOP/Final%20Project/F%20I%20N%20A%20L/com.javaproject.gbbo_TSfinal/src/com/javaproject/gbbo/DataHandler.java</file>
            <file>file:/C:/Users/silen/Desktop/SCHOOL/OOP/Final%20Project/F%20I%20N%20A%20L/com.javaproject.gbbo_TSfinal/src/com/javaproject/gbbo/Episode.java</file>
            <file>file:/C:/Users/silen/Desktop/SCHOOL/OOP/Final%20Project/F%20I%20N%20A%20L/com.javaproject.gbbo_TSfinal/src/com/javaproject/gbbo/GBBOInfo.txt</file>
            <file>file:/C:/Users/silen/Desktop/SCHOOL/OOP/Final%20Project/F%20I%20N%20A%20L/com.javaproject.gbbo_TSfinal/src/com/javaproject/gbbo/Baker.java</file>
            <file>file:/C:/Users/silen/Desktop/SCHOOL/OOP/Final%20Project/F%20I%20N%20A%20L/com.javaproject.gbbo_TSfinal/src/com/javaproject/gbbo/Season.java</file>
            <file>file:/C:/Users/silen/Desktop/SCHOOL/OOP/Final%20Project/F%20I%20N%20A%20L/com.javaproject.gbbo_TSfinal/src/com/javaproject/gbbo/Main.java</file>
            <file>file:/C:/Users/silen/Desktop/SCHOOL/OOP/Final%20Project/F%20I%20N%20A%20L/com.javaproject.gbbo_TSfinal/src/com/javaproject/forms/gbbo/RecipeSelection.java</file>
            <file>file:/C:/Users/silen/Desktop/SCHOOL/OOP/Final%20Project/F%20I%20N%20A%20L/com.javaproject.gbbo_TSfinal/src/com/javaproject/forms/gbbo/RecipeBox.java</file>
            <file>file:/C:/Users/silen/Desktop/SCHOOL/OOP/Final%20Project/F%20I%20N%20A%20L/com.javaproject.gbbo_TSfinal/src/com/javaproject/gbbo/Recipe.java</file>
            <file>file:/C:/Users/silen/Desktop/SCHOOL/OOP/Final%20Project/F%20I%20N%20A%20L/com.javaproject.gbbo_TSfinal/src/com/javaproject/forms/gbbo/MainMenu.java</file>
            <file>file:/C:/Users/silen/Desktop/SCHOOL/OOP/Final%20Project/F%20I%20N%20A%20L/com.javaproject.gbbo_TSfinal/src/com/javaproject/forms/gbbo/EpisodeBakes.java</file>
            <file>file:/C:/Users/silen/Desktop/SCHOOL/OOP/Final%20Project/F%20I%20N%20A%20L/com.javaproject.gbbo_TSfinal/src/com/javaproject/forms/gbbo/SelectionMenu.java</file>
        </group>
    </open-files>
</project-private>
